{"cameraMode":{"drawMode":0,"name":"Shaded","section":"Shading Mode"},"sceneLighting":false,"audioPlay":false,"sceneViewState":{"m_AlwaysRefresh":false,"showFog":true,"showSkybox":false,"showFlares":true,"showImageEffects":true,"showParticleSystems":true,"showVisualEffectGraphs":true,"m_FxEnabled":true},"in2DMode":false,"pivot":{"x":-1.0545872449874879,"y":2.872114419937134,"z":0.17799575626850129},"rotation":{"x":0.11998428404331207,"y":-0.2907063066959381,"z":0.036734744906425479,"w":0.9485695958137512},"size":2.681114673614502,"orthographic":false}