{"cameraMode":{"drawMode":0,"name":"Shaded","section":"Shading Mode"},"sceneLighting":true,"audioPlay":false,"sceneViewState":{"m_AlwaysRefresh":false,"showFog":true,"showSkybox":true,"showFlares":true,"showImageEffects":true,"showParticleSystems":true,"showVisualEffectGraphs":true,"m_FxEnabled":true},"in2DMode":false,"pivot":{"x":-0.48726558685302737,"y":-0.29619336128234866,"z":0.7814379930496216},"rotation":{"x":0.1896192729473114,"y":0.5625837445259094,"z":-0.13445700705051423,"w":0.7933893799781799},"size":2.383446216583252,"orthographic":false}