{"cameraMode":{"drawMode":0,"name":"Shaded","section":"Shading Mode"},"sceneLighting":false,"audioPlay":false,"sceneViewState":{"m_AlwaysRefresh":false,"showFog":true,"showSkybox":false,"showFlares":true,"showImageEffects":true,"showParticleSystems":true,"showVisualEffectGraphs":true,"m_FxEnabled":true},"in2DMode":false,"pivot":{"x":-0.0006999969482421875,"y":4.878660202026367,"z":-0.07063007354736328},"rotation":{"x":-0.12185150384902954,"y":-0.8355020880699158,"z":0.20578981935977937,"w":-0.49471330642700198},"size":7.499885082244873,"orthographic":true}