{"cameraMode":{"drawMode":0,"name":"Shaded","section":"Shading Mode"},"sceneLighting":true,"audioPlay":false,"sceneViewState":{"m_AlwaysRefresh":false,"showFog":true,"showSkybox":true,"showFlares":true,"showImageEffects":true,"showParticleSystems":true,"showVisualEffectGraphs":true,"m_FxEnabled":true},"in2DMode":false,"pivot":{"x":0.07000017166137696,"y":1.7899999618530274,"z":0.13000011444091798},"rotation":{"x":-0.20635364949703217,"y":0.611636221408844,"z":-0.16947931051254273,"w":-0.7447131276130676},"size":12.12435531616211,"orthographic":false}