{"cameraMode":{"drawMode":0,"name":"Shaded","section":"Shading Mode"},"sceneLighting":false,"audioPlay":false,"sceneViewState":{"m_AlwaysRefresh":false,"showFog":true,"showSkybox":false,"showFlares":true,"showImageEffects":true,"showParticleSystems":true,"showVisualEffectGraphs":true,"m_FxEnabled":true},"in2DMode":false,"pivot":{"x":-0.0006999969482421875,"y":4.878660202026367,"z":-0.07063007354736328},"rotation":{"x":0.10708344727754593,"y":0.8523258566856384,"z":-0.19238737225532533,"w":0.4744073152542114},"size":7.499885082244873,"orthographic":false}