{"cameraMode":{"drawMode":0,"name":"Shaded","section":"Shading Mode"},"sceneLighting":true,"audioPlay":false,"sceneViewState":{"m_AlwaysRefresh":false,"showFog":true,"showSkybox":true,"showFlares":true,"showImageEffects":true,"showParticleSystems":true,"showVisualEffectGraphs":true,"m_FxEnabled":true},"in2DMode":false,"pivot":{"x":0.14298179745674134,"y":4.95993185043335,"z":2.3449110984802248},"rotation":{"x":0.11192070692777634,"y":0.02742311730980873,"z":-0.0030899164266884329,"w":0.9933359026908875},"size":4.4680495262146,"orthographic":false}