{"cameraMode":{"drawMode":0,"name":"Shaded","section":"Shading Mode"},"sceneLighting":false,"audioPlay":false,"sceneViewState":{"m_AlwaysRefresh":false,"showFog":true,"showSkybox":false,"showFlares":true,"showImageEffects":true,"showParticleSystems":true,"showVisualEffectGraphs":true,"m_FxEnabled":true},"in2DMode":false,"pivot":{"x":0.22495543956756593,"y":1.5795536041259766,"z":1.9969764947891236},"rotation":{"x":-0.24569100141525269,"y":-0.740774929523468,"z":0.5164424777030945,"w":-0.352455198764801},"size":0.30862268805503847,"orthographic":false}