{"cameraMode":{"drawMode":0,"name":"Shaded","section":"Shading Mode"},"sceneLighting":false,"audioPlay":false,"sceneViewState":{"m_AlwaysRefresh":false,"showFog":true,"showSkybox":false,"showFlares":true,"showImageEffects":true,"showParticleSystems":true,"showVisualEffectGraphs":true,"m_FxEnabled":true},"in2DMode":false,"pivot":{"x":-0.46415990591049197,"y":2.6958837509155275,"z":0.5227166414260864},"rotation":{"x":0.11998428404331207,"y":-0.2907063066959381,"z":0.036734744906425479,"w":0.9485695958137512},"size":2.9380311965942385,"orthographic":false}